{"cameraMode":{"drawMode":0,"name":"Shaded","section":"Shading Mode"},"sceneLighting":true,"audioPlay":false,"sceneViewState":{"showFog":true,"showMaterialUpdate":true,"showSkybox":true,"showFlares":true,"showImageEffects":true,"showParticleSystems":true},"in2DMode":false,"pivot":{"x":0.30134880542755129,"y":-3.022817850112915,"z":4.8370561599731449},"rotation":{"x":0.22018004953861237,"y":0.0029263682663440706,"z":-0.0006605418166145682,"w":0.9754546284675598},"size":6.008108139038086,"orthographic":false}